model1,model2,W_stat,p_value,p_corrected_BH,significant_BH
RandomForest,XGBoost,3938.0,3.4565804245618156e-06,1e-05,True
RandomForest,SVM_RBF,4138.0,6.712166761619469e-06,1.3e-05,True
RandomForest,DNN,3326.0,1.4139843489579709e-09,0.0,True
XGBoost,SVM_RBF,6097.0,0.052714231306010016,0.063257,False
XGBoost,DNN,5795.5,0.016292976806873728,0.024439,True
SVM_RBF,DNN,6716.5,0.3912510322047408,0.391251,False
